specimen_number,site_id,fire,severity,date,sample_period,flower,id,family,genus,subgenius,species,sex,bee or wasp
1,H_U3,hm,unburned,5/9/2023,P1,Pulsatilla ludoviciana,Bombus bifarius,Apidae,Bombus,,bifarius,female,
2,H_U3,hm,unburned,5/9/2023,P1,Noccaea fendleri,Halictus sp.,Halictidae,Halictus,,sp.,female,
3,H_U3,hm,unburned,5/9/2023,P1,Arctostaphylos uva-ursi,Bombus bifarius,Apidae,Bombus,,bifarius,female,
4,B_L3,bc,low,5/2/2023,P1,Pulsatilla ludoviciana,Andrena sp.,Andrenidae,Andrena,,sp.,female,
5,B_L3,bc,low,5/2/2023,P1,Pulsatilla ludoviciana,Lasioglossum Dialictus sp.,Halictidae,Lasioglossum,Dialictus,sp.,,
6,B_L3,bc,low,5/2/2023,P1,Pulsatilla ludoviciana,Lasioglossum Dialictus sp.,Halictidae,Lasioglossum,Dialictus,sp.,,
7,B_L3,bc,low,5/2/2023,P1,Pulsatilla ludoviciana,Lasioglossum Lasioglossum sp.1,Halictidae,Lasioglossum,Lasioglossum,sp.1,female,
8,B_H2,bc,high,5/21/2023,P1,Arctostaphylos uva-ursi,Nomada sp.,Apidae,Nomada,,sp.,female,
9,B_H2,bc,high,5/21/2023,P1,Arctostaphylos uva-ursi,Osmia sp.,Megachilidae,Osmia,,sp.,,
10,B_H2,bc,high,5/21/2023,P1,Taraxacum officinale,Augochlorella sp.,Halictidae,Augochlorella,,sp.,,
11,B_U2,bc,unburned,5/7/2023,P1,Pulsatilla ludoviciana,Lasioglossum Dialictus sp.,Halictidae,Lasioglossum,Dialictus,sp.,,
12,B_U2,bc,unburned,5/7/2023,P1,Pulsatilla ludoviciana,Lasioglossum Dialictus sp.,Halictidae,Lasioglossum,Dialictus,sp.,,
13,B_U2,bc,unburned,5/7/2023,P1,Noccaea fendleri,Bombus centralis,Apidae,Bombus,,centralis,female,
14,H_U2,hm,unburned,5/9/2023,P1,Noccaea fendleri,Lasioglossum Dialictus sp.,Halictidae,Lasioglossum,Dialictus,sp.,,
15,H_L2,hm,low,4/30/2023,P1,Pulsatilla ludoviciana,Andrena sp.,Andrenidae,Andrena,,sp.,female,
16,H_L2,hm,low,4/30/2023,P1,Pulsatilla ludoviciana,Andrena sp.,Andrenidae,Andrena,,sp.,female,
17,H_L2,hm,low,4/30/2023,P1,Pulsatilla ludoviciana,Andrena sp.,Andrenidae,Andrena,,sp.,female,
18,H_L2,hm,low,4/30/2023,P1,Pulsatilla ludoviciana,Lasioglossum Dialictus sp.,Halictidae,Lasioglossum,Dialictus,sp.,,
19,H_L2,hm,low,4/30/2023,P1,Pulsatilla ludoviciana,Lasioglossum Dialictus sp.,Halictidae,Lasioglossum,Dialictus,sp.,,
20,H_L2,hm,low,4/30/2023,P1,Pulsatilla ludoviciana,Lasioglossum Dialictus sp.,Halictidae,Lasioglossum,Dialictus,sp.,,
21,H_L2,hm,low,4/30/2023,P1,Pulsatilla ludoviciana,Lasioglossum Dialictus sp.,Halictidae,Lasioglossum,Dialictus,sp.,,
22,H_L2,hm,low,4/30/2023,P1,Pulsatilla ludoviciana,Lasioglossum Dialictus sp.,Halictidae,Lasioglossum,Dialictus,sp.,,
23,B_H1,bc,high,5/21/2023,P1,Ribes cereum,Habropoda c.f. cressoni,Apidae,Habropoda,,c.f. cressoni,female,
24,B_H1,bc,high,5/21/2023,P1,Ribes cereum,Lasioglossum Lasioglossum sp.1,Halictidae,Lasioglossum,Lasioglossum,sp.1,female,
25,B_H1,bc,high,5/21/2023,P1,Ribes cereum,Lasioglossum Lasioglossum sp.1,Halictidae,Lasioglossum,Lasioglossum,sp.1,female,
26,B_H1,bc,high,5/21/2023,P1,Ribes cereum,Lasioglossum Lasioglossum sp.1,Halictidae,Lasioglossum,Lasioglossum,sp.1,female,
27,B_H3,bc,high,5/16/2023,P1,Fragaria virginiana,Lasioglossum Dialictus sp.,Halictidae,Lasioglossum,Dialictus,sp.,,
28,H_H2,hm,high,4/23/2023,P1,Pulsatilla ludoviciana,Andrena sp.,Andrenidae,Andrena,,sp.,female,
29,B_H3,bc,high,5/16/2023,P1,Ribes cereum,Sphecodes sp.,Halictidae,Sphecodes,,sp.,,
30,B_H3,bc,high,5/16/2023,P1,Ribes cereum,Eumeninae,Eumeninae,,,sp.,,wasp
31,B_H3,bc,high,5/16/2023,P1,Ribes cereum,Nomada sp.,Apidae,Nomada,,sp.,male,
32,B_H3,bc,high,5/16/2023,P1,Ribes cereum,Lasioglossum Dialictus sp.,Halictidae,Lasioglossum,Dialictus,sp.,,
33,H_U2,hm,unburned,5/9/2023,P1,Pulsatilla ludoviciana,Bombus bifarius,Apidae,Bombus,,bifarius,female,
34,H_U2,hm,unburned,5/9/2023,P1,Pulsatilla ludoviciana,Lasioglossum Dialictus sp.,Halictidae,Lasioglossum,Dialictus,sp.,,
35,B_L3,bc,low,5/2/2023,P1,Pulsatilla ludoviciana,Lasioglossum Lasioglossum sp.1,Halictidae,Lasioglossum,Lasioglossum,sp.1,female,
36,B_L3,bc,low,5/2/2023,P1,Pulsatilla ludoviciana,Lasioglossum Dialictus sp.,Halictidae,Lasioglossum,Dialictus,sp.,,
37,B_L3,bc,low,5/2/2023,P1,Pulsatilla ludoviciana,Lasioglossum Dialictus sp.,Halictidae,Lasioglossum,Dialictus,sp.,,
38,B_L3,bc,low,5/2/2023,P1,Pulsatilla ludoviciana,Andrena sp.,Andrenidae,Andrena,,sp.,female,
39,B_L3,bc,low,5/2/2023,P1,Pulsatilla ludoviciana,Lasioglossum Lasioglossum sp.1,Halictidae,Lasioglossum,Lasioglossum,sp.1,female,
40,B_L3,bc,low,5/2/2023,P1,Pulsatilla ludoviciana,Lasioglossum Lasioglossum sp.1,Halictidae,Lasioglossum,Lasioglossum,sp.1,female,
41,B_L3,bc,low,5/2/2023,P1,Pulsatilla ludoviciana,Lasioglossum Lasioglossum sp.1,Halictidae,Lasioglossum,Lasioglossum,sp.1,female,
42,B_L3,bc,low,5/2/2023,P1,Pulsatilla ludoviciana,Lasioglossum Lasioglossum sp.1,Halictidae,Lasioglossum,Lasioglossum,sp.1,female,
43,B_L3,bc,low,5/2/2023,P1,Pulsatilla ludoviciana,Lasioglossum Lasioglossum sp.1,Halictidae,Lasioglossum,Lasioglossum,sp.1,female,
44,B_L3,bc,low,5/2/2023,P1,Pulsatilla ludoviciana,Lasioglossum Dialictus sp.,Halictidae,Lasioglossum,Dialictus,sp.,,
45,B_L3,bc,low,5/2/2023,P1,Pulsatilla ludoviciana,Lasioglossum Lasioglossum sp.1,Halictidae,Lasioglossum,Lasioglossum,sp.1,female,
46,B_L1,bc,low,5/2/2023,P1,Pulsatilla ludoviciana,Lasioglossum Dialictus sp.,Halictidae,Lasioglossum,Dialictus,sp.,,
47,B_L1,bc,low,5/2/2023,P1,Pulsatilla ludoviciana,Halictus sp.,Halictidae,Halictus,,sp.,female,
48,H_H1,hm,high,4/23/2023,P1,Pulsatilla ludoviciana,Andrena sp.,Andrenidae,Andrena,,sp.,female,
49,H_H1,hm,high,4/23/2023,P1,Pulsatilla ludoviciana,Andrena sp.,Andrenidae,Andrena,,sp.,female,
50,B_H1,bc,high,5/21/2023,P1,Pediocactus simpsonii,Lasioglossum Lasioglossum sp.2,Halictidae,Lasioglossum,Lasioglossum,sp.2,female,
51,B_H1,bc,high,5/21/2023,P1,Pediocactus simpsonii,Apis mellifera,Apidae,Apis,,mellifera,,
52,B_H1,bc,high,5/21/2023,P1,Pediocactus simpsonii,Andrena sp.,Andrenidae,Andrena,,sp.,female,
53,H_L3,hm,low,4/30/2023,P1,Pulsatilla ludoviciana,Lasioglossum Dialictus sp.,Halictidae,Lasioglossum,Dialictus,sp.,,
54,H_L3,hm,low,4/30/2023,P1,Pulsatilla ludoviciana,Lasioglossum Dialictus sp.,Halictidae,Lasioglossum,Dialictus,sp.,,
55,B_H2,bc,high,5/21/2023,P1,Ribes cereum,Bombus centralis,Apidae,Bombus,,centralis,female,
56,B_H2,bc,high,5/21/2023,P1,Ribes cereum,Lasioglossum Lasioglossum sp.1,Halictidae,Lasioglossum,Lasioglossum,sp.1,female,
57,B_H2,bc,high,5/21/2023,P1,Ribes cereum,Lasioglossum Lasioglossum sp.1,Halictidae,Lasioglossum,Lasioglossum,sp.1,female,
58,B_U3,bc,unburned,4/27/2023,P1,Pulsatilla ludoviciana,Lasioglossum Dialictus sp.,Halictidae,Lasioglossum,Dialictus,sp.,,
59,B_U3,bc,unburned,4/27/2023,P1,Pulsatilla ludoviciana,Lasioglossum Dialictus sp.,Halictidae,Lasioglossum,Dialictus,sp.,,
60,B_U3,bc,unburned,4/27/2023,P1,Pulsatilla ludoviciana,Lasioglossum Dialictus sp.,Halictidae,Lasioglossum,Dialictus,sp.,,
61,B_U3,bc,unburned,4/27/2023,P1,Pulsatilla ludoviciana,Andrena sp.,Andrenidae,Andrena,,sp.,female,
62,B_L2,bc,low,5/2/2023,P1,Pulsatilla ludoviciana,Lasioglossum Lasioglossum sp.1,Halictidae,Lasioglossum,Lasioglossum,sp.1,female,
63,B_L2,bc,low,5/2/2023,P1,Pulsatilla ludoviciana,Lasioglossum Dialictus sp.,Halictidae,Lasioglossum,Dialictus,sp.,,
64,B_L2,bc,low,5/2/2023,P1,Pulsatilla ludoviciana,Lasioglossum Dialictus sp.,Halictidae,Lasioglossum,Dialictus,sp.,,
65,B_L2,bc,low,5/2/2023,P1,Pulsatilla ludoviciana,Lasioglossum Dialictus sp.,Halictidae,Lasioglossum,Dialictus,sp.,,
66,H_H3,hm,high,4/30/2023,P1,Pulsatilla ludoviciana,Andrena sp.,Andrenidae,Andrena,,sp.,female,
67,H_H3,hm,high,4/30/2023,P1,Pulsatilla ludoviciana,Lasioglossum Dialictus sp.,Halictidae,Lasioglossum,Dialictus,sp.,,
68,H_H3,hm,high,4/30/2023,P1,Pulsatilla ludoviciana,Lasioglossum Dialictus sp.,Halictidae,Lasioglossum,Dialictus,sp.,,
69,H_H3,hm,high,4/30/2023,P1,Pulsatilla ludoviciana,Lasioglossum Dialictus sp.,Halictidae,Lasioglossum,Dialictus,sp.,,
70,H_H3,hm,high,4/30/2023,P1,Pulsatilla ludoviciana,Lasioglossum Dialictus sp.,Halictidae,Lasioglossum,Dialictus,sp.,,
71,H_H3,hm,high,4/30/2023,P1,Pulsatilla ludoviciana,Lasioglossum Dialictus sp.,Halictidae,Lasioglossum,Dialictus,sp.,,
72,H_H3,hm,high,4/30/2023,P1,Pulsatilla ludoviciana,Lasioglossum Dialictus sp.,Halictidae,Lasioglossum,Dialictus,sp.,,
73,H_H3,hm,high,4/30/2023,P1,Pulsatilla ludoviciana,Lasioglossum Dialictus sp.,Halictidae,Lasioglossum,Dialictus,sp.,,
74,H_H3,hm,high,4/30/2023,P1,Pulsatilla ludoviciana,Lasioglossum Dialictus sp.,Halictidae,Lasioglossum,Dialictus,sp.,,
75,H_H3,hm,high,4/30/2023,P1,Pulsatilla ludoviciana,Lasioglossum Dialictus sp.,Halictidae,Lasioglossum,Dialictus,sp.,,
76,H_H3,hm,high,4/30/2023,P1,Pulsatilla ludoviciana,Lasioglossum Dialictus sp.,Halictidae,Lasioglossum,Dialictus,sp.,,
77,H_H3,hm,high,6/9/2023,P2,Erigeron vetensis,Lasioglossum Dialictus sp.,Halictidae,Lasioglossum,Dialictus,sp.,,
78,H_H3,hm,high,6/9/2023,P2,Erigeron vetensis,Lasioglossum Dialictus sp.,Halictidae,Lasioglossum,Dialictus,sp.,,
79,B_L1,bc,low,6/7/2023,P2,Thermopsis divaricarpa,Osmia sp.,Megachilidae,Osmia,,sp.,,
80,B_L1,bc,low,6/7/2023,P2,Thermopsis divaricarpa,Osmia sp.,Megachilidae,Osmia,,sp.,,
81,B_H3,bc,high,6/19/2023,P2,Geranium caespitosum subsp. caespitosum,Halictus sp.,Halictidae,Halictus,,sp.,female,
82,B_H3,bc,high,6/19/2023,P2,Geranium caespitosum subsp. caespitosum,Halictus sp.,Halictidae,Halictus,,sp.,female,
83,B_H2,bc,high,6/19/2023,P2,Penstemon virens,Hoplitis sp.,Megachilidae,Hoplitis,,sp.,,
84,B_H2,bc,high,6/19/2023,P2,Penstemon virens,Apis mellifera,Apidae,Apis,,mellifera,,
85,B_H2,bc,high,6/19/2023,P2,Penstemon virens,Osmia sp.,Megachilidae,Osmia,,sp.,,
86,B_H1,bc,high,6/19/2023,P2,Penstemon virens,Anthophora terminalis,Apidae,Anthophora,,terminalis,male,
87,B_H1,bc,high,6/19/2023,P2,Penstemon virens,Bombus centralis,Apidae,Bombus,,centralis,female,
88,B_H2,bc,high,6/19/2023,P2,Erigeron vetensis,Megachile sp.,Megachilidae,Megachile,,sp.,,
89,B_H2,bc,high,6/19/2023,P2,Erigeron vetensis,Crabronidae,Crabronidae,,,sp.,,wasp
90,B_H2,bc,high,6/19/2023,P2,Erigeron vetensis,Bombus rufocinctus,Apidae,Bombus,,rufocinctus,female,
91,H_H3,hm,high,6/9/2023,P2,Drymocallis fissa,Andrena sp.,Andrenidae,Andrena,,sp.,female,
92,H_H3,hm,high,6/9/2023,P2,Drymocallis fissa,Hoplitis sp.,Megachilidae,Hoplitis,,sp.,,
93,H_U3,hm,unburned,6/14/2023,P2,Erigeron compositus,Osmia sp.,Megachilidae,Osmia,,sp.,,
94,B_H3,bc,high,6/19/2023,P2,Rubus deliciosus,Andrena sp.,Andrenidae,Andrena,,sp.,female,
95,B_H3,bc,high,6/19/2023,P2,Rubus deliciosus,Lasioglossum Lasioglossum sp.1,Halictidae,Lasioglossum,Lasioglossum,sp.1,female,
96,B_H1,bc,high,6/19/2023,P2,Drymocallis fissa,Andrena sp.,Andrenidae,Andrena,,sp.,female,
97,H_U3,hm,unburned,6/14/2023,P2,Thermopsis divaricarpa,Bombus appositus,Apidae,Bombus,,appositus,female,
98,B_L2,bc,low,6/7/2023,P2,Thermopsis divaricarpa,Osmia sp.,Megachilidae,Osmia,,sp.,,
99,B_L2,bc,low,6/7/2023,P2,Thermopsis divaricarpa,Lasioglossum Dialictus sp.,Halictidae,Lasioglossum,Dialictus,sp.,,
100,B_H3,bc,high,6/19/2023,P2,Oenothera coronopifolia,Bombus bifarius,Apidae,Bombus,,bifarius,female,
101,B_H3,bc,high,6/19/2023,P2,Oenothera coronopifolia,Apis mellifera,Apidae,Apis,,mellifera,,
102,H_L2,hm,low,6/2/2023,P2,Arctostaphylos uva-ursi,Andrena sp.,Andrenidae,Andrena,,sp.,female,
103,B_L2,bc,low,6/7/2023,P2,Ribes cereum,Bombus centralis,Apidae,Bombus,,centralis,female,
104,B_L1,bc,low,6/7/2023,P2,Mertensia lanceolata,Bombus centralis,Apidae,Bombus,,centralis,female,
105,B_U3,bc,unburned,5/28/2023,P2,Antennaria parvifolla,Halictus sp.,Halictidae,Halictus,,sp.,,
106,B_U3,bc,unburned,5/28/2023,P2,Antennaria parvifolla,Colletes sp.,Colletidae,Colletes,,sp.,male,
107,B_U3,bc,unburned,5/28/2023,P2,Antennaria parvifolla,Andrena sp.,Andrenidae,Andrena,,sp.,female,
108,B_U3,bc,unburned,5/28/2023,P2,Antennaria parvifolla,Lasioglossum Lasioglossum sp.2,Halictidae,Lasioglossum,Lasioglossum,sp.2,female,
109,H_L3,hm,low,6/2/2023,P2,Ribes cereum,Osmia sp.,Megachilidae,Osmia,,sp.,,
110,H_L3,hm,low,6/2/2023,P2,Ribes cereum,Lasioglossum Lasioglossum sp.1,Halictidae,Lasioglossum,Lasioglossum,sp.1,female,
111,H_L3,hm,low,6/2/2023,P2,Ribes cereum,Lasioglossum Lasioglossum sp.1,Halictidae,Lasioglossum,Lasioglossum,sp.1,female,
112,B_L3,bc,low,6/6/2023,P2,Thermopsis divaricarpa,Osmia sp.,Megachilidae,Osmia,,sp.,,
113,H_L3,hm,low,6/2/2023,P2,Sedum lanceolatum,Osmia sp.,Megachilidae,Osmia,,sp.,,
114,B_H1,bc,high,6/19/2023,P2,Rubus deliciosus,Halictus sp.,Halictidae,Halictus,,sp.,female,
115,B_H1,bc,high,6/19/2023,P2,Rubus deliciosus,Lasioglossum Lasioglossum sp.1,Halictidae,Lasioglossum,Lasioglossum,sp.1,male,
116,H_U1,hm,unburned,6/14/2023,P2,Mertensia lanceolata,Osmia sp.,Megachilidae,Osmia,,sp.,,
117,H_U1,hm,unburned,6/14/2023,P2,Arctostaphylos uva-ursi,Osmia sp.,Megachilidae,Osmia,,sp.,,
118,B_H2,bc,high,6/19/2023,P2,Drymocallis fissa,Andrena sp.,Andrenidae,Andrena,,sp.,female,
119,H_L3,hm,low,6/2/2023,P2,Arctostaphylos uva-ursi,Osmia sp.,Megachilidae,Osmia,,sp.,,
120,B_U2,bc,unburned,5/28/2023,P2,Arctostaphylos uva-ursi,Bombus huntii,Apidae,Bombus,,huntii,female,
121,B_U2,bc,unburned,5/28/2023,P2,Arctostaphylos uva-ursi,Osmia sp.,Megachilidae,Osmia,,sp.,,
122,B_L3,bc,low,6/6/2023,P2,Geum triflorum,Andrena sp.,Andrenidae,Andrena,,sp.,female,
123,B_L3,bc,low,6/6/2023,P2,Geum triflorum,Andrena sp.,Andrenidae,Andrena,,sp.,female,
124,B_L3,bc,low,6/6/2023,P2,Harbouria trachypleura,Lasioglossum Dialictus sp.,Halictidae,Lasioglossum,Dialictus,sp.,,
125,B_U3,bc,unburned,5/28/2023,P2,Taraxacum officinale,Osmia sp.,Megachilidae,Osmia,,sp.,,
126,B_U1,bc,unburned,5/28/2023,P2,Mertensia lanceolata,Bombus bifarius,Apidae,Bombus,,bifarius,female,
127,H_H1,hm,high,5/23/2023,P2,Ribes cereum,Lasioglossum Dialictus sp.,Halictidae,Lasioglossum,Dialictus,sp.,,
128,H_H1,hm,high,5/23/2023,P2,Ribes cereum,Lasioglossum Dialictus sp.,Halictidae,Lasioglossum,Dialictus,sp.,,
129,H_H1,hm,high,5/23/2023,P2,Ribes cereum,Anthophora ursina,Apidae,Anthophora,,ursina,male,
130,H_H2,hm,high,5/23/2023,P2,Mertensia lanceolata,Anthophora ursina,Apidae,Anthophora,,ursina,male,
131,H_U2,hm,unburned,6/14/2023,P2,Arctostaphylos uva-ursi,Andrena bradleyi,Andrenidae,Andrena,,bradleyi,female,
132,H_U2,hm,unburned,6/14/2023,P2,Arctostaphylos uva-ursi,Andrena bradleyi,Andrenidae,Andrena,,bradleyi,female,
133,B_U1,bc,unburned,5/28/2023,P2,Ribes cereum,Sphecodes sp.,Halictidae,Sphecodes,,sp.,,
134,B_L3,bc,low,6/6/2023,P2,Fragaria virginiana,Andrena sp.,Andrenidae,Andrena,,sp.,female,
135,B_L2,bc,low,6/7/2023,P2,Mertensia lanceolata,Osmia sp.,Megachilidae,Osmia,,sp.,,
136,B_L2,bc,low,6/7/2023,P2,Oxytropis multiceps,Osmia bucephela,Megachilidae,Osmia,,bucephela,male,
137,B_L2,bc,low,6/7/2023,P2,Oxytropis multiceps,Anthophora ursina,Apidae,Anthophora,,ursina,female,
138,B_L3,bc,low,6/6/2023,P2,Ribes cereum,Osmia sp.,Megachilidae,Osmia,,sp.,,
139,H_L1,hm,low,5/23/2023,P2,Pulsatilla ludoviciana,Bombus centralis,Apidae,Bombus,,centralis,female,
140,B_L3,bc,low,6/6/2023,P2,Mertensia lanceolata,Colletes sp.,Colletidae,Colletes,,sp.,female,
141,H_H2,hm,high,5/23/2023,P2,Ribes cereum,Anthophora ursina,Apidae,Anthophora,,ursina,male,
142,H_H2,hm,high,5/23/2023,P2,Ribes cereum,Bombus centralis,Apidae,Bombus,,centralis,female,
143,H_H2,hm,high,5/23/2023,P2,Ribes cereum,Osmia sp.,Megachilidae,Osmia,,sp.,,
144,H_H2,hm,high,5/23/2023,P2,Ribes cereum,Lasioglossum Lasioglossum sp.1,Halictidae,Lasioglossum,Lasioglossum,sp.1,female,
145,H_H2,hm,high,5/23/2023,P2,Ribes cereum,Lasioglossum Lasioglossum sp.1,Halictidae,Lasioglossum,Lasioglossum,sp.1,female,
146,H_H2,hm,high,5/23/2023,P2,Ribes cereum,Lasioglossum Dialictus sp.,Halictidae,Lasioglossum,Dialictus,sp.,,
147,H_L1,hm,low,5/23/2023,P2,Taraxacum officinale,Lasioglossum Dialictus sp.,Halictidae,Lasioglossum,Dialictus,sp.,,
148,H_L1,hm,low,5/23/2023,P2,Ribes cereum,Lasioglossum Dialictus sp.,Halictidae,Lasioglossum,Dialictus,sp.,,
149,H_L2,hm,low,6/2/2023,P2,Ribes cereum,Anthophora ursina,Apidae,Anthophora,,ursina,male,
150,H_L2,hm,low,6/2/2023,P2,Ribes cereum,Bombus centralis,Apidae,Bombus,,centralis,female,
151,H_L2,hm,low,6/2/2023,P2,Ribes cereum,Lasioglossum Lasioglossum sp.2,Halictidae,Lasioglossum,Lasioglossum,sp.2,female,
152,H_L2,hm,low,6/2/2023,P2,Ribes cereum,Lasioglossum Dialictus sp.,Halictidae,Lasioglossum,Dialictus,sp.,,
153,H_L2,hm,low,6/2/2023,P2,Ribes cereum,Lasioglossum Dialictus sp.,Halictidae,Lasioglossum,Dialictus,sp.,,
154,H_H1,hm,high,5/23/2023,P2,Erigeron compositus,Osmia sp.,Megachilidae,Osmia,,sp.,,
155,H_H1,hm,high,5/23/2023,P2,Erigeron compositus,Nomada sp.,Apidae,Nomada,,sp.,male,
156,H_H1,hm,high,5/23/2023,P2,Erigeron compositus,Lasioglossum Dialictus sp.,Halictidae,Lasioglossum,Dialictus,sp.,,
157,H_H1,hm,high,5/23/2023,P2,Erigeron compositus,Lasioglossum Dialictus sp.,Halictidae,Lasioglossum,Dialictus,sp.,,
158,H_H1,hm,high,5/23/2023,P2,Erigeron compositus,Lasioglossum Dialictus sp.,Halictidae,Lasioglossum,Dialictus,sp.,,
159,B_H2,bc,high,7/25/2023,P3,Phacelia heterophylla,Bombus bifarius,Apidae,Bombus,,bifarius,female,
160,B_H2,bc,high,7/25/2023,P3,Phacelia heterophylla,Bombus bifarius,Apidae,Bombus,,bifarius,female,
161,H_U3,hm,unburned,7/21/2023,P3,Geranium caespitosum subsp. caespitosum,Dufourea maura,Halictidae,Dufourea,,maura,,
162,H_U3,hm,unburned,7/21/2023,P3,Geranium caespitosum subsp. caespitosum,Andrenidae (Panurginae),Andrenidae (Panurginae),,,sp.,,
163,B_H1,bc,high,7/12/2023,P3,Penstemon glaber,Bombus bifarius,Apidae,Bombus,,bifarius,female,
164,B_H3,bc,high,7/25/2023,P3,Geranium caespitosum subsp. caespitosum,Triepeolus sp.1,Apidae,Triepeolus,,sp.1,female,
165,B_H1,bc,high,7/12/2023,P3,Campanula rotundifolia,Lasioglossum Dialictus sp.,Halictidae,Lasioglossum,Dialictus,sp.,,
166,B_H2,bc,high,7/25/2023,P3,Geranium caespitosum subsp. caespitosum,Eucera sp.,Apidae,Eucera,,sp.,male,
167,B_U1,bc,unburned,7/6/2023,P3,Sedum lanceolatum,Bombus bifarius,Apidae,Bombus,,bifarius,female,
168,B_U1,bc,unburned,7/6/2023,P3,Sedum lanceolatum,Bombus bifarius,Apidae,Bombus,,bifarius,female,
169,B_U1,bc,unburned,7/6/2023,P3,Sedum lanceolatum,Bombus bifarius,Apidae,Bombus,,bifarius,female,
170,B_H2,bc,high,7/25/2023,P3,Monarda fistulosa,Bombus huntii,Apidae,Bombus,,huntii,female,
171,B_H2,bc,high,7/25/2023,P3,Monarda fistulosa,Bombus bifarius,Apidae,Bombus,,bifarius,female,
172,B_H2,bc,high,7/25/2023,P3,Campanula rotundifolia,Bombus rufocinctus,Apidae,Bombus,,rufocinctus,female,
173,B_H2,bc,high,7/25/2023,P3,Campanula rotundifolia,Megachile sp.,Megachilidae,Megachile,,sp.,,
174,H_U1,hm,unburned,7/17/2023,P3,Geranium caespitosum subsp. caespitosum,Anthophora terminalis,Apidae,Anthophora,,terminalis,female,
175,B_H3,bc,high,7/25/2023,P3,Heterotheca villosa,Melissodes sp.2,Apidae,Melissodes,,sp.2,female,
176,B_H3,bc,high,7/25/2023,P3,Heterotheca villosa,Dianthidium sp.,Megachilidae,Dianthidium,,sp.,,
177,H_U3,hm,unburned,7/21/2023,P3,Phacelia heterophylla,Hoplitis fulgida,Megachilidae,Hoplitis,,fulgida,female,
178,B_U3,bc,unburned,7/6/2023,P3,Oxytropis lambertii,Bombus appositus,Apidae,Bombus,,appositus,female,
179,B_L3,bc,low,7/12/2023,P3,Astragalus laxmannii,Bombus huntii,Apidae,Bombus,,huntii,female,
180,B_H2,bc,high,7/25/2023,P3,Astragalus tenellus,Anthidium sp.,Megachilidae,Anthidium,,sp.,,
181,B_H2,bc,high,7/25/2023,P3,Astragalus tenellus,Anthidium sp.,Megachilidae,Anthidium,,sp.,,
182,B_H1,bc,high,7/12/2023,P3,Potentilla hippiana,Andrena sp.,Andrenidae,Andrena,,sp.,female,
183,B_H1,bc,high,7/12/2023,P3,Potentilla hippiana,Andrena sp.,Andrenidae,Andrena,,sp.,female,
184,B_H1,bc,high,7/12/2023,P3,Potentilla hippiana,Hoplitis fulgida,Megachilidae,Hoplitis,,fulgida,female,
185,H_U2,hm,unburned,7/17/2023,P3,Geranium caespitosum subsp. caespitosum,Bombus centralis,Apidae,Bombus,,centralis,female,
186,H_U2,hm,unburned,7/17/2023,P3,Geranium caespitosum subsp. caespitosum,Bombus centralis,Apidae,Bombus,,centralis,female,
187,H_U2,hm,unburned,7/17/2023,P3,Geranium caespitosum subsp. caespitosum,Bombus bifarius,Apidae,Bombus,,bifarius,female,
188,H_U2,hm,unburned,7/17/2023,P3,Geranium caespitosum subsp. caespitosum,Bombus bifarius,Apidae,Bombus,,bifarius,female,
189,H_U2,hm,unburned,7/17/2023,P3,Geranium caespitosum subsp. caespitosum,Bombus bifarius,Apidae,Bombus,,bifarius,male,
190,H_U2,hm,unburned,7/17/2023,P3,Geranium caespitosum subsp. caespitosum,Andrena sp.,Andrenidae,Andrena,,sp.,female,
191,H_U2,hm,unburned,7/17/2023,P3,Sedum lanceolatum,Bombus huntii,Apidae,Bombus,,huntii,female,
192,H_U2,hm,unburned,7/17/2023,P3,Sedum lanceolatum,Apis mellifera,Apidae,Apis,,mellifera,,
193,H_U2,hm,unburned,7/17/2023,P3,Sedum lanceolatum,Bombus bifarius,Apidae,Bombus,,bifarius,female,
194,H_U2,hm,unburned,7/17/2023,P3,Sedum lanceolatum,Colletes sp.,Colletidae,Colletes,,sp.,female,
195,H_U2,hm,unburned,7/17/2023,P3,Sedum lanceolatum,Hoplitis fulgida,Megachilidae,Hoplitis,,fulgida,female,
196,H_U2,hm,unburned,7/17/2023,P3,Sedum lanceolatum,Hoplitis sp.,Megachilidae,Hoplitis,,sp.,,
197,B_L3,bc,low,7/12/2023,P3,Sedum lanceolatum,Bombus bifarius,Apidae,Bombus,,bifarius,female,
198,B_L3,bc,low,7/12/2023,P3,Sedum lanceolatum,Bombus bifarius,Apidae,Bombus,,bifarius,female,
199,B_L3,bc,low,7/12/2023,P3,Sedum lanceolatum,Bombus bifarius,Apidae,Bombus,,bifarius,female,
200,B_L3,bc,low,7/12/2023,P3,Sedum lanceolatum,Halictus sp.,Halictidae,Halictus,,sp.,female,
201,B_U2,bc,unburned,7/11/2023,P3,Sedum lanceolatum,Bombus bifarius,Apidae,Bombus,,bifarius,female,
202,B_U2,bc,unburned,7/11/2023,P3,Sedum lanceolatum,Bombus bifarius,Apidae,Bombus,,bifarius,female,
203,B_U2,bc,unburned,7/11/2023,P3,Penstemon glaber,Bombus melanopygus,Apidae,Bombus,,melanopygus,female,
204,B_U2,bc,unburned,7/11/2023,P3,Penstemon glaber,Bombus nevadensis,Apidae,Bombus,,nevadensis,female,
205,H_U1,hm,unburned,7/17/2023,P3,Penstemon glaber,Bombus centralis,Apidae,Bombus,,centralis,female,
206,B_H2,bc,high,7/25/2023,P3,Erigeron subtrinervis,Melissodes sp.2,Apidae,Melissodes,,sp.2,male,
207,B_H2,bc,high,7/25/2023,P3,Erigeron subtrinervis,Coelioxys sp.,Megachilidae,Coelioxys,,sp.,,
208,B_H2,bc,high,7/25/2023,P3,Erigeron subtrinervis,Perdita sp.,Andrenidae (Panurginae),Perdita,,sp.,,
209,B_H2,bc,high,7/25/2023,P3,Erigeron subtrinervis,Perdita sp.,Andrenidae (Panurginae),Perdita,,sp.,,
210,H_U3,hm,unburned,7/21/2023,P3,Penstemon glaber,Bombus centralis,Apidae,Bombus,,centralis,male,
211,H_U3,hm,unburned,7/21/2023,P3,Penstemon glaber,Bombus insularis,Apidae,Bombus,,insularis,male,
212,B_H3,bc,high,7/25/2023,P3,Phacelia heterophylla,Bombus bifarius,Apidae,Bombus,,bifarius,female,
213,B_H3,bc,high,7/25/2023,P3,Phacelia heterophylla,Anthidium sp.,Megachilidae,Anthidium,,sp.,,
214,B_H3,bc,high,7/25/2023,P3,Phacelia heterophylla,Hoplitis sp.,Megachilidae,Hoplitis,,sp.,,
215,B_H1,bc,high,7/12/2023,P3,Geranium caespitosum subsp. caespitosum,Bombus centralis,Apidae,Bombus,,centralis,male,
216,B_H2,bc,high,7/25/2023,P3,Dasiphora fruticosa,Bombus rufocinctus,Apidae,Bombus,,rufocinctus,female,
217,B_U3,bc,unburned,7/6/2023,P3,Lupinus argenteus,Bombus bifarius,Apidae,Bombus,,bifarius,female,
218,B_U3,bc,unburned,7/6/2023,P3,Lupinus argenteus,Bombus bifarius,Apidae,Bombus,,bifarius,female,
219,B_L2,bc,low,7/11/2023,P3,Oreocarya virgata,Osmia sp.,Megachilidae,Osmia,,sp.,,
220,B_L2,bc,low,7/11/2023,P3,Aliciella pinnatifida,Hoplitis sp.,Megachilidae,Hoplitis,,sp.,,
221,H_L3,hm,low,7/3/2023,P3,Sedum lanceolatum,Bombus bifarius,Apidae,Bombus,,bifarius,female,
222,H_L3,hm,low,7/3/2023,P3,Sedum lanceolatum,Bombus centralis,Apidae,Bombus,,centralis,female,
223,H_L3,hm,low,7/3/2023,P3,Sedum lanceolatum,Osmia sp.,Megachilidae,Osmia,,sp.,,
224,H_L3,hm,low,7/3/2023,P3,Sedum lanceolatum,Osmia sp.,Megachilidae,Osmia,,sp.,,
225,H_L3,hm,low,7/3/2023,P3,Sedum lanceolatum,Halictus sp.,Halictidae,Halictus,,sp.,female,
226,H_H2,hm,high,6/21/2023,P3,Geranium caespitosum subsp. caespitosum,Andrena sp.,Andrenidae,Andrena,,sp.,female,
227,B_U1,bc,unburned,7/6/2023,P3,Penstemon virens,Bombus bifarius,Apidae,Bombus,,bifarius,female,
228,B_U1,bc,unburned,7/6/2023,P3,Penstemon virens,Bombus bifarius,Apidae,Bombus,,bifarius,female,
229,B_U1,bc,unburned,7/6/2023,P3,Penstemon virens,Bombus bifarius,Apidae,Bombus,,bifarius,female,
230,B_U1,bc,unburned,7/6/2023,P3,Penstemon virens,Bombus bifarius,Apidae,Bombus,,bifarius,female,
231,B_U1,bc,unburned,7/6/2023,P3,Penstemon virens,Bombus bifarius,Apidae,Bombus,,bifarius,female,
232,B_U1,bc,unburned,7/6/2023,P3,Penstemon virens,Bombus bifarius,Apidae,Bombus,,bifarius,female,
233,B_U3,bc,unburned,7/6/2023,P3,Geranium caespitosum subsp. caespitosum,Megachile sp.,Megachilidae,Megachile,,sp.,,
234,B_U3,bc,unburned,7/6/2023,P3,Geranium caespitosum subsp. caespitosum,Bombus rufocinctus,Apidae,Bombus,,rufocinctus,female,
235,B_U3,bc,unburned,7/6/2023,P3,Symphoricarpos albus,Bombus bifarius,Apidae,Bombus,,bifarius,female,
236,B_U3,bc,unburned,7/6/2023,P3,Symphoricarpos albus,Colletes sp.,Colletidae,Colletes,,sp.,female,
237,B_U3,bc,unburned,7/6/2023,P3,Symphoricarpos albus,Megachile sp.,Megachilidae,Megachile,,sp.,,
238,B_U3,bc,unburned,7/6/2023,P3,Symphoricarpos albus,Andrena sp.,Andrenidae,Andrena,,sp.,female,
239,B_H1,bc,high,7/12/2023,P3,Jamesia americana,Andrena sp.,Andrenidae,Andrena,,sp.,female,
240,B_H1,bc,high,7/12/2023,P3,Jamesia americana,Bombus centralis,Apidae,Bombus,,centralis,female,
241,B_H1,bc,high,7/12/2023,P3,Jamesia americana,Andrena sp.,Andrenidae,Andrena,,sp.,female,
242,B_H1,bc,high,7/12/2023,P3,Jamesia americana,Bombus centralis,Apidae,Bombus,,centralis,female,
243,H_H3,hm,high,7/3/2023,P3,Penstemon virens,Bombus nevadensis,Apidae,Bombus,,nevadensis,female,
244,H_H3,hm,high,7/3/2023,P3,Penstemon virens,Osmia sp.,Megachilidae,Osmia,,sp.,,
245,B_U2,bc,unburned,7/11/2023,P3,Penstemon glaber,Bombus huntii,Apidae,Bombus,,huntii,female,
246,B_U2,bc,unburned,7/11/2023,P3,Penstemon glaber,Bombus appositus,Apidae,Bombus,,appositus,femlae,
247,B_U2,bc,unburned,7/11/2023,P3,Penstemon glaber,Bombus nevadensis,Apidae,Bombus,,nevadensis,female,
248,B_U2,bc,unburned,7/11/2023,P3,Penstemon glaber,Bombus nevadensis,Apidae,Bombus,,nevadensis,female,
249,B_L1,bc,low,7/11/2023,P3,Sedum lanceolatum,Bombus centralis,Apidae,Bombus,,centralis,female,
250,B_L1,bc,low,7/11/2023,P3,Sedum lanceolatum,Lasioglossum Dialictus sp.,Halictidae,Lasioglossum,Dialictus,sp.,,
251,H_L3,hm,low,7/3/2023,P3,Sedum lanceolatum,Bombus bifarius,Apidae,Bombus,,bifarius,female,
252,H_L3,hm,low,7/3/2023,P3,Sedum lanceolatum,Bombus bifarius,Apidae,Bombus,,bifarius,female,
253,H_L3,hm,low,7/3/2023,P3,Sedum lanceolatum,Bombus centralis,Apidae,Bombus,,centralis,female,
254,H_L3,hm,low,7/3/2023,P3,Sedum lanceolatum,Bombus bifarius,Apidae,Bombus,,bifarius,female,
255,H_L3,hm,low,7/3/2023,P3,Sedum lanceolatum,Bombus centralis,Apidae,Bombus,,centralis,female,
256,H_L3,hm,low,7/3/2023,P3,Sedum lanceolatum,Bombus centralis,Apidae,Bombus,,centralis,female,
257,H_L3,hm,low,7/3/2023,P3,Sedum lanceolatum,Bombus bifarius,Apidae,Bombus,,bifarius,female,
258,B_L1,bc,low,7/11/2023,P3,Geranium caespitosum subsp. caespitosum,Bombus insularis,Apidae,Bombus,,insularis,female,
259,B_L1,bc,low,7/11/2023,P3,Geranium caespitosum subsp. caespitosum,Osmia sp.,Megachilidae,Osmia,,sp.,,
260,H_H2,hm,high,6/21/2023,P3,Penstemon angustifolius,Anthophora ursina,Apidae,Anthophora,,ursina,female,
261,H_H1,hm,high,6/21/2023,P3,Penstemon angustifolius,Osmia sp.,Megachilidae,Osmia,,sp.,,
262,H_H1,hm,high,6/21/2023,P3,Penstemon angustifolius,Osmia sp.,Megachilidae,Osmia,,sp.,,
263,H_H1,hm,high,6/21/2023,P3,Penstemon angustifolius,Bombus centralis,Apidae,Bombus,,centralis,female,
264,B_U3,bc,unburned,7/6/2023,P3,Trifolium repens,Bombus bifarius,Apidae,Bombus,,bifarius,female,
265,B_U3,bc,unburned,7/6/2023,P3,Trifolium repens,Bombus bifarius,Apidae,Bombus,,bifarius,female,
266,B_U3,bc,unburned,7/6/2023,P3,Trifolium repens,Bombus bifarius,Apidae,Bombus,,bifarius,female,
267,B_L2,bc,low,7/11/2023,P3,Sedum lanceolatum,Bombus centralis,Apidae,Bombus,,centralis,female,
268,B_L2,bc,low,7/11/2023,P3,Sedum lanceolatum,Bombus bifarius,Apidae,Bombus,,bifarius,female,
269,H_H1,hm,high,6/21/2023,P3,Ribes cereum,Osmia sp.,Megachilidae,Osmia,,sp.,,
270,H_U1,hm,unburned,7/17/2023,P3,Geranium caespitosum subsp. caespitosum,Bombus centralis,Apidae,Bombus,,centralis,female,
271,H_U1,hm,unburned,7/17/2023,P3,Geranium caespitosum subsp. caespitosum,Bombus centralis,Apidae,Bombus,,centralis,male,
272,H_U1,hm,unburned,7/17/2023,P3,Geranium caespitosum subsp. caespitosum,Bombus centralis,Apidae,Bombus,,centralis,female,
273,H_U1,hm,unburned,7/17/2023,P3,Geranium caespitosum subsp. caespitosum,Bombus centralis,Apidae,Bombus,,centralis,male,
274,H_U1,hm,unburned,7/17/2023,P3,Geranium caespitosum subsp. caespitosum,Bombus centralis,Apidae,Bombus,,centralis,male,
275,H_U1,hm,unburned,7/17/2023,P3,Geranium caespitosum subsp. caespitosum,Bombus centralis,Apidae,Bombus,,centralis,female,
276,H_H1,hm,high,6/21/2023,P3,Packera fendleri,Osmia sp.,Megachilidae,Osmia,,sp.,,
277,H_H1,hm,high,6/21/2023,P3,Packera fendleri,Osmia sp.,Megachilidae,Osmia,,sp.,,
278,H_H3,hm,high,7/3/2023,P3,Geranium caespitosum subsp. caespitosum,Bombus bifarius,Apidae,Bombus,,bifarius,female,
279,H_H3,hm,high,7/3/2023,P3,Geranium caespitosum subsp. caespitosum,Apis mellifera,Apidae,Apis,,mellifera,,
280,H_H3,hm,high,7/3/2023,P3,Geranium caespitosum subsp. caespitosum,Colletes sp.,Colletidae,Colletes,,sp.,male,
281,H_H3,hm,high,7/3/2023,P3,Geranium caespitosum subsp. caespitosum,Sphecodes sp.,Halictidae,Sphecodes,,sp.,,
282,B_L3,bc,low,8/17/2023,P4,Allium cernuum,Colletes sp.,Colletidae,Colletes,,sp.,female,
283,B_L3,bc,low,8/17/2023,P4,Allium cernuum,Bombus huntii,Apidae,Bombus,,huntii,female,
284,B_H3,bc,high,8/14/2023,P4,Carduus nutans,Bombus centralis,Apidae,Bombus,,centralis,male,
285,B_L2,bc,low,7/11/2023,P3,Geranium caespitosum subsp. caespitosum,Bombus centralis,Apidae,Bombus,,centralis,female,
286,B_L2,bc,low,7/11/2023,P3,Geranium caespitosum subsp. caespitosum,Andrena sp.,Andrenidae,Andrena,,sp.,female,
287,B_U3,bc,unburned,8/3/2023,P4,Calochortus gunnisonii,Bombus appositus,Apidae,Bombus,,appositus,female,
288,B_U3,bc,unburned,8/3/2023,P4,Calochortus gunnisonii,Bombus bifarius,Apidae,Bombus,,bifarius,female,
289,B_U3,bc,unburned,8/3/2023,P4,Calochortus gunnisonii,Bombus bifarius,Apidae,Bombus,,bifarius,female,
290,B_U3,bc,unburned,8/3/2023,P4,Calochortus gunnisonii,Bombus bifarius,Apidae,Bombus,,bifarius,male,
291,B_U3,bc,unburned,8/3/2023,P4,Calochortus gunnisonii,Bombus bifarius,Apidae,Bombus,,bifarius,female,
292,B_U3,bc,unburned,8/3/2023,P4,Monarda fistulosa,Bombus appositus,Apidae,Bombus,,appositus,male,
293,B_U3,bc,unburned,8/3/2023,P4,Monarda fistulosa,Bombus appositus,Apidae,Bombus,,appositus,male,
294,B_H2,bc,high,8/14/2023,P4,Campanula rotundifolia,Bombus rufocinctus,Apidae,Bombus,,rufocinctus,female,
295,B_H2,bc,high,8/14/2023,P4,Campanula rotundifolia,Bombus rufocinctus,Apidae,Bombus,,rufocinctus,female,
296,B_L1,bc,low,8/10/2023,P4,Allium cernuum,Bombus bifarius,Apidae,Bombus,,bifarius,female,
297,B_L1,bc,low,8/10/2023,P4,Allium cernuum,Bombus centralis,Apidae,Bombus,,centralis,female,
298,B_L1,bc,low,8/10/2023,P4,Allium cernuum,Bombus bifarius,Apidae,Bombus,,bifarius,female,
299,B_L1,bc,low,8/10/2023,P4,Allium cernuum,Bombus centralis,Apidae,Bombus,,centralis,male,
300,B_L1,bc,low,8/10/2023,P4,Allium cernuum,Andrenidae (Panurginae),Andrenidae (Panurginae),,,sp.,,
301,B_U3,bc,unburned,8/3/2023,P4,Allium cernuum,Bombus centralis,Apidae,Bombus,,centralis,female,
302,B_U3,bc,unburned,8/3/2023,P4,Allium cernuum,Bombus bifarius,Apidae,Bombus,,bifarius,female,
303,B_U3,bc,unburned,8/3/2023,P4,Allium cernuum,Bombus bifarius,Apidae,Bombus,,bifarius,female,
304,B_U3,bc,unburned,8/3/2023,P4,Allium cernuum,Bombus centralis,Apidae,Bombus,,centralis,male,
305,B_U3,bc,unburned,8/3/2023,P4,Allium cernuum,Bombus centralis,Apidae,Bombus,,centralis,female,
306,H_H3,hm,high,7/31/2023,P4,Solidago nemoralis,Bombus nevadensis,Apidae,Bombus,,nevadensis,male,
307,H_H3,hm,high,7/31/2023,P4,Solidago nemoralis,Bombus bifarius,Apidae,Bombus,,bifarius,female,
308,H_H3,hm,high,7/31/2023,P4,Solidago nemoralis,Bombus bifarius,Apidae,Bombus,,bifarius,male,
309,H_H3,hm,high,7/31/2023,P4,Monarda fistulosa,Bombus appositus,Apidae,Bombus,,appositus,male,
310,H_H3,hm,high,7/31/2023,P4,Monarda fistulosa,Bombus appositus,Apidae,Bombus,,appositus,male,
311,B_U1,bc,unburned,8/3/2023,P4,Ceanothus fendleri,Bombus bifarius,Apidae,Bombus,,bifarius,female,
312,B_U1,bc,unburned,8/3/2023,P4,Ceanothus fendleri,Chrysididae,Chrysididae,,,sp.,,wasp
313,B_U1,bc,unburned,8/3/2023,P4,Ceanothus fendleri,Bombus bifarius,Apidae,Bombus,,bifarius,male,
314,B_U1,bc,unburned,8/3/2023,P4,Ceanothus fendleri,Andrena sp.,Andrenidae,Andrena,,sp.,female,
315,B_U1,bc,unburned,8/3/2023,P4,Ceanothus fendleri,Hylaeus basalis,Colletidae,Hylaeus,,basalis,female,
316,B_U1,bc,unburned,8/3/2023,P4,Ceanothus fendleri,Crabronidae,Crabronidae,,,sp.,,wasp
317,B_H3,bc,high,8/14/2023,P4,Heterotheca villosa,Diadasia sp.,Apidae,Diadasia,,sp.,female,
318,B_H3,bc,high,8/14/2023,P4,Heterotheca villosa,Melissodes sp.1,Apidae,Melissodes,,sp.1,female,
319,B_H3,bc,high,8/14/2023,P4,Heterotheca villosa,Melissodes sp.3,Apidae,Melissodes,,sp.3,male,
320,B_H3,bc,high,8/14/2023,P4,Heterotheca villosa,Augochlorella sp.,Halictidae,Augochlorella,,sp.,,
321,B_H3,bc,high,8/14/2023,P4,Heterotheca villosa,Halictus sp.,Halictidae,Halictus,,sp.,female,
322,B_H2,bc,high,8/14/2023,P4,Carduus nutans,Bombus centralis,Apidae,Bombus,,centralis,male,
323,H_H3,hm,high,7/31/2023,P4,Geranium caespitosum subsp. caespitosum,Bombus bifarius,Apidae,Bombus,,bifarius,male,
324,H_H3,hm,high,7/31/2023,P4,Geranium caespitosum subsp. caespitosum,Bombus bifarius,Apidae,Bombus,,bifarius,female,
325,H_H3,hm,high,7/31/2023,P4,Geranium caespitosum subsp. caespitosum,Bombus bifarius,Apidae,Bombus,,bifarius,female,
326,H_H3,hm,high,7/31/2023,P4,Geranium caespitosum subsp. caespitosum,Bombus bifarius,Apidae,Bombus,,bifarius,female,
327,H_H3,hm,high,7/31/2023,P4,Geranium caespitosum subsp. caespitosum,Bombus bifarius,Apidae,Bombus,,bifarius,female,
328,H_H3,hm,high,7/31/2023,P4,Geranium caespitosum subsp. caespitosum,Bombus bifarius,Apidae,Bombus,,bifarius,female,
329,B_H2,bc,high,8/14/2023,P4,Solidago velutina,Melissodes sp.1,Apidae,Melissodes,,sp.1,female,
330,B_U3,bc,unburned,8/3/2023,P4,Erigeron subtrinervis,Bombus bifarius,Apidae,Bombus,,bifarius,male,
331,B_U3,bc,unburned,8/3/2023,P4,Erigeron subtrinervis,Bombus insularis,Apidae,Bombus,,insularis,male,
332,B_U3,bc,unburned,8/3/2023,P4,Erigeron subtrinervis,Triepeolus sp.2,Apidae,Triepeolus,,sp.2,female,
333,B_H2,bc,high,8/14/2023,P4,Solidago missouriensis,Bombus rufocinctus,Apidae,Bombus,,rufocinctus,male,
334,B_H2,bc,high,8/14/2023,P4,Solidago missouriensis,Bombus bifarius,Apidae,Bombus,,bifarius,female,
335,B_H2,bc,high,8/14/2023,P4,Solidago missouriensis,Colletes sp.,Colletidae,Colletes,,sp.,female,
336,H_U2,hm,unburned,8/8/2023,P4,Allium cernuum,Bombus centralis,Apidae,Bombus,,centralis,male,
337,B_U3,bc,unburned,8/3/2023,P4,Trifolium pratense,Bombus appositus,Apidae,Bombus,,appositus,female,
338,B_U1,bc,unburned,8/3/2023,P4,Geranium richardsonii,Bombus bifarius,Apidae,Bombus,,bifarius,male,
339,H_H2,hm,high,7/27/2023,P4,Geranium richardsonii,Bombus bifarius,Apidae,Bombus,,bifarius,female,
340,B_L2,bc,low,8/10/2023,P4,Allium cernuum,Bombus bifarius,Apidae,Bombus,,bifarius,female,
341,B_L2,bc,low,8/10/2023,P4,Allium cernuum,Colletes sp.,Colletidae,Colletes,,sp.,female,
342,B_L2,bc,low,8/10/2023,P4,Allium cernuum,Hoplitis fulgida,Megachilidae,Hoplitis,,fulgida,female,
343,B_L2,bc,low,8/10/2023,P4,Allium cernuum,Colletes sp.,Colletidae,Colletes,,sp.,male,
344,B_U3,bc,unburned,8/3/2023,P4,Campanula rotundifolia,Andrena sp.,Andrenidae,Andrena,,sp.,female,
345,B_H2,bc,high,8/14/2023,P4,Monarda fistulosa,Bombus occidentalis,Apidae,Bombus,,occidentalis,female,
346,H_H2,hm,high,7/27/2023,P4,Solidago missouriensis,Bombus bifarius,Apidae,Bombus,,bifarius,female,
347,B_U3,bc,unburned,8/3/2023,P4,Carduus nutans,Bombus insularis,Apidae,Bombus,,insularis,male,
348,H_U1,hm,unburned,8/8/2023,P4,Geranium caespitosum subsp. caespitosum,Eucera sp.,Apidae,Eucera,,sp.,male,
349,H_U1,hm,unburned,8/8/2023,P4,Geranium caespitosum subsp. caespitosum,Bombus bifarius,Apidae,Bombus,,bifarius,male,
350,H_U1,hm,unburned,8/8/2023,P4,Geranium caespitosum subsp. caespitosum,Bombus bifarius,Apidae,Bombus,,bifarius,female,
351,H_U1,hm,unburned,8/8/2023,P4,Geranium caespitosum subsp. caespitosum,Bombus centralis,Apidae,Bombus,,centralis,male,
352,B_U1,bc,unburned,8/3/2023,P4,Allium cernuum,Bombus centralis,Apidae,Bombus,,centralis,male,
353,B_U1,bc,unburned,8/3/2023,P4,Allium cernuum,Bombus bifarius,Apidae,Bombus,,bifarius,female,
354,B_U1,bc,unburned,8/3/2023,P4,Allium cernuum,Andrenidae (Panurginae),Andrenidae (Panurginae),,,sp.,,
355,H_H3,hm,high,7/31/2023,P4,Geranium caespitosum subsp. caespitosum,Bombus bifarius,Apidae,Bombus,,bifarius,female,
356,H_H3,hm,high,7/31/2023,P4,Geranium caespitosum subsp. caespitosum,Bombus bifarius,Apidae,Bombus,,bifarius,female,
357,H_H3,hm,high,7/31/2023,P4,Geranium caespitosum subsp. caespitosum,Bombus bifarius,Apidae,Bombus,,bifarius,female,
358,H_H3,hm,high,7/31/2023,P4,Geranium caespitosum subsp. caespitosum,Bombus bifarius,Apidae,Bombus,,bifarius,female,
359,H_H3,hm,high,7/31/2023,P4,Geranium caespitosum subsp. caespitosum,Bombus nevadensis,Apidae,Bombus,,nevadensis,female,
360,H_U2,hm,unburned,8/8/2023,P4,Geranium caespitosum subsp. caespitosum,Bombus bifarius,Apidae,Bombus,,bifarius,male,
361,H_U2,hm,unburned,8/8/2023,P4,Geranium caespitosum subsp. caespitosum,Bombus centralis,Apidae,Bombus,,centralis,male,
362,H_U2,hm,unburned,8/8/2023,P4,Geranium caespitosum subsp. caespitosum,Bombus bifarius,Apidae,Bombus,,bifarius,male,
363,H_U2,hm,unburned,8/8/2023,P4,Geranium caespitosum subsp. caespitosum,Bombus bifarius,Apidae,Bombus,,bifarius,male,
364,H_U2,hm,unburned,8/8/2023,P4,Geranium caespitosum subsp. caespitosum,Bombus bifarius,Apidae,Bombus,,bifarius,female,
365,H_U2,hm,unburned,8/8/2023,P4,Geranium caespitosum subsp. caespitosum,Agapostemon angelicus,Halictidae,Agapostemon,,angelicus,,
366,H_H2,hm,high,7/27/2023,P4,Geranium caespitosum subsp. caespitosum,Bombus bifarius,Apidae,Bombus,,bifarius,female,
367,H_H2,hm,high,7/27/2023,P4,Geranium caespitosum subsp. caespitosum,Bombus bifarius,Apidae,Bombus,,bifarius,female,
368,H_H2,hm,high,7/27/2023,P4,Geranium caespitosum subsp. caespitosum,Bombus huntii,Apidae,Bombus,,huntii,female,
369,H_H2,hm,high,7/27/2023,P4,Geranium caespitosum subsp. caespitosum,Bombus bifarius,Apidae,Bombus,,bifarius,female,
370,H_H1,hm,high,7/27/2023,P4,Potentilla hippiana,Melissodes sp.2,Apidae,Melissodes,,sp.2,female,
371,H_H2,hm,high,7/27/2023,P4,Gaillardia aristata,Bombus bifarius,Apidae,Bombus,,bifarius,female,
372,H_H2,hm,high,7/27/2023,P4,Gaillardia aristata,Megachile sp.,Megachilidae,Megachile,,sp.,,
373,B_L1,bc,low,8/10/2023,P4,Geranium caespitosum subsp. caespitosum,Lasioglossum Dialictus sp.,Halictidae,Lasioglossum,Dialictus,sp.,male,
374,B_L1,bc,low,8/10/2023,P4,Geranium caespitosum subsp. caespitosum,Anthophora terminalis,Apidae,Anthophora,,terminalis,female,
375,B_L1,bc,low,8/10/2023,P4,Geranium caespitosum subsp. caespitosum,Megachile sp.,Megachilidae,Megachile,,sp.,,
376,B_U1,bc,unburned,8/3/2023,P4,Symphyotrichum porteri,Stelis sp.,Megachilidae,Stelis,,sp.,,
377,B_H2,bc,high,8/14/2023,P4,Erigeron subtrinervis,Colletes sp.,Colletidae,Colletes,,sp.,female,
378,H_H2,hm,high,7/27/2023,P4,Geranium caespitosum subsp. caespitosum,Bombus bifarius,Apidae,Bombus,,bifarius,female,
379,H_H3,hm,high,7/31/2023,P4,Geranium richardsonii,Bombus bifarius,Apidae,Bombus,,bifarius,female,
380,H_H3,hm,high,7/31/2023,P4,Geranium richardsonii,Bombus bifarius,Apidae,Bombus,,bifarius,female,
381,H_H3,hm,high,7/31/2023,P4,Geranium richardsonii,Bombus bifarius,Apidae,Bombus,,bifarius,female,
382,H_H3,hm,high,7/31/2023,P4,Geranium richardsonii,Bombus bifarius,Apidae,Bombus,,bifarius,female,
383,H_H3,hm,high,7/31/2023,P4,Geranium richardsonii,Bombus bifarius,Apidae,Bombus,,bifarius,female,
384,H_L3,hm,low,7/31/2023,P4,Achillea millefolium,Melissodes sp.2,Apidae,Melissodes,,sp.2,male,
385,H_L3,hm,low,7/31/2023,P4,Achillea millefolium,Bombus bifarius,Apidae,Bombus,,bifarius,female,
386,H_H3,hm,high,7/31/2023,P4,Heterotheca villosa,Bombus bifarius,Apidae,Bombus,,bifarius,male,
387,H_H3,hm,high,7/31/2023,P4,Heterotheca villosa,Crabronidae,Crabronidae,,,sp.,,wasp
388,H_U2,hm,unburned,8/8/2023,P4,Eremogone fendleri,Lasioglossum Dialictus sp.,Halictidae,Lasioglossum,Dialictus,sp.,,
389,H_U2,hm,unburned,8/8/2023,P4,Eremogone fendleri,Hylaeus wootoni,Colletidae,Hylaeus,,wootoni,female,
390,H_H3,hm,high,7/31/2023,P4,Gaillardia aristata,Melissodes sp.2,Apidae,Melissodes,,sp.2,male,
391,H_H3,hm,high,7/31/2023,P4,Gaillardia aristata,Bombus insularis,Apidae,Bombus,,insularis,male,
392,H_H3,hm,high,7/31/2023,P4,Gaillardia aristata,Bombus centralis,Apidae,Bombus,,centralis,male,
393,H_H2,hm,high,7/27/2023,P4,Geranium caespitosum subsp. caespitosum,Bombus bifarius,Apidae,Bombus,,bifarius,female,
394,H_H2,hm,high,7/27/2023,P4,Geranium caespitosum subsp. caespitosum,Bombus bifarius,Apidae,Bombus,,bifarius,female,
395,H_H2,hm,high,7/27/2023,P4,Geranium caespitosum subsp. caespitosum,Bombus bifarius,Apidae,Bombus,,bifarius,female,
396,H_H2,hm,high,7/27/2023,P4,Geranium caespitosum subsp. caespitosum,Bombus bifarius,Apidae,Bombus,,bifarius,female,
397,H_H2,hm,high,7/27/2023,P4,Geranium caespitosum subsp. caespitosum,Bombus bifarius,Apidae,Bombus,,bifarius,female,
398,H_L3,hm,low,7/31/2023,P4,Campanula rotundifolia,Andrena sp.,Andrenidae,Andrena,,sp.,female,
399,H_H1,hm,high,7/27/2023,P4,Geranium richardsonii,Bombus bifarius,Apidae,Bombus,,bifarius,female,
400,H_H1,hm,high,7/27/2023,P4,Geranium richardsonii,Bombus bifarius,Apidae,Bombus,,bifarius,female,
401,H_H1,hm,high,7/27/2023,P4,Geranium richardsonii,Eucera sp.,Apidae,Eucera,,sp.,male,
402,H_L1,hm,low,7/21/2023,P4,Eremogone fendleri,Bombus centralis,Apidae,Bombus,,centralis,male,
403,H_U1,hm,unburned,8/8/2023,P4,Gaillardia aristata,Bombus insularis,Apidae,Bombus,,insularis,male,
404,H_H3,hm,high,7/31/2023,P4,Solidago missouriensis,Bombus bifarius,Apidae,Bombus,,bifarius,male,
405,H_H2,hm,high,6/21/2023,P3,Penstemon virens,Osmia sp.,Megachilidae,Osmia,,sp.,,
406,H_H2,hm,high,6/21/2023,P3,Penstemon virens,Osmia sp.,Megachilidae,Osmia,,sp.,,
407,H_L1,hm,low,6/21/2023,P3,Drymocallis fissa,Halictus sp.,Halictidae,Halictus,,sp.,female,
408,H_L1,hm,low,6/21/2023,P3,Erysimum capitatum,Hoplitis sp.,Megachilidae,Hoplitis,,sp.,,
409,H_L1,hm,low,6/21/2023,P3,Erysimum capitatum,Lasioglossum Lasioglossum sp.1,Halictidae,Lasioglossum,Lasioglossum,sp.1,female,
410,H_L1,hm,low,6/21/2023,P3,Erysimum capitatum,Crabronidae,Crabronidae,,,sp.,,wasp
411,H_L2,hm,low,7/3/2023,P3,Penstemon secundiflorus,Bombus bifarius,Apidae,Bombus,,bifarius,female,
412,H_H1,hm,high,6/21/2023,P3,Erigeron compositus,Hoplitis sp.,Megachilidae,Hoplitis,,sp.,,
413,B_U1,bc,unburned,7/6/2023,P3,Geranium caespitosum subsp. caespitosum,Lasioglossum Dialictus sp.,Halictidae,Lasioglossum,Dialictus,sp.,,
414,B_L3,bc,low,7/12/2023,P3,Geranium caespitosum subsp. caespitosum,Lasioglossum Dialictus sp.,Halictidae,Lasioglossum,Dialictus,sp.,,
415,B_L3,bc,low,7/12/2023,P3,Geranium caespitosum subsp. caespitosum,Hylaeus wootoni,Colletidae,Hylaeus,,wootoni,male,
416,B_U1,bc,unburned,8/3/2023,P4,Heterotheca villosa,Bombus bifarius,Apidae,Bombus,,bifarius,male,
417,B_U1,bc,unburned,8/3/2023,P4,Heterotheca villosa,Bombus bifarius,Apidae,Bombus,,bifarius,male,
418,B_U1,bc,unburned,8/3/2023,P4,Heterotheca villosa,Bombus bifarius,Apidae,Bombus,,bifarius,male,
419,B_U1,bc,unburned,8/3/2023,P4,Heterotheca villosa,Calliopsis sp.,Andrenidae,Calliopsis,,sp.,,
420,H_L1,hm,low,7/21/2023,P4,Sedum lanceolatum,Bombus centralis,Apidae,Bombus,,centralis,male,
421,H_L1,hm,low,7/21/2023,P4,Sedum lanceolatum,Bombus bifarius,Apidae,Bombus,,bifarius,male,
422,H_L1,hm,low,7/21/2023,P4,Sedum lanceolatum,Bombus bifarius,Apidae,Bombus,,bifarius,male,
423,H_L1,hm,low,7/21/2023,P4,Sedum lanceolatum,Anthidium sp.,Megachilidae,Anthidium,,sp.,,
424,H_L1,hm,low,7/21/2023,P4,Sedum lanceolatum,Bombus bifarius,Apidae,Bombus,,bifarius,female,
425,H_L1,hm,low,7/21/2023,P4,Sedum lanceolatum,Stelis sp.,Megachilidae,Stelis,,sp.,,
426,H_U3,hm,unburned,8/8/2023,P4,Geranium caespitosum subsp. caespitosum,Bombus bifarius,Apidae,Bombus,,bifarius,male,
427,H_U3,hm,unburned,8/8/2023,P4,Geranium caespitosum subsp. caespitosum,Halictus sp.,Halictidae,Halictus,,sp.,male,
428,H_U3,hm,unburned,8/8/2023,P4,Geranium caespitosum subsp. caespitosum,Halictus sp.,Halictidae,Halictus,,sp.,male,
429,H_U3,hm,unburned,8/8/2023,P4,Geranium caespitosum subsp. caespitosum,Lasioglossum Dialictus sp.,Halictidae,Lasioglossum,Dialictus,sp.,male,
430,H_H2,hm,high,7/27/2023,P4,Heterotheca villosa,Megachile sp.,Megachilidae,Megachile,,sp.,,
431,H_U1,hm,unburned,8/8/2023,P4,Geranium richardsonii,Bombus bifarius,Apidae,Bombus,,bifarius,male,
432,H_U1,hm,unburned,8/8/2023,P4,Geranium richardsonii,Bombus insularis,Apidae,Bombus,,insularis,male,
433,H_L3,hm,low,7/31/2023,P4,Allium cernuum,Dianthidium sp.,Megachilidae,Dianthidium,,sp.,,
434,H_L3,hm,low,7/31/2023,P4,Allium cernuum,Andrenidae (Panurginae),Andrenidae (Panurginae),,,sp.,,
435,H_L3,hm,low,7/31/2023,P4,Allium cernuum,Andrenidae (Panurginae),Andrenidae (Panurginae),,,sp.,,
436,H_U3,hm,unburned,8/8/2023,P4,Allium cernuum,Bombus centralis,Apidae,Bombus,,centralis,male,
437,H_U3,hm,unburned,8/8/2023,P4,Allium cernuum,Andrenidae (Panurginae),Andrenidae (Panurginae),,,sp.,,
438,B_H2,bc,high,8/14/2023,P4,Heterotheca villosa,Triepeolus sp.2,Apidae,Triepeolus,,sp.2,male,
439,B_H1,bc,high,8/17/2023,P4,Hymenothrix dissecta,Coelioxys sp.,Megachilidae,Coelioxys,,sp.,,
440,B_U1,bc,unburned,8/3/2023,P4,Campanula rotundifolia,Andrena sp.,Andrenidae,Andrena,,sp.,female,
441,H_H1,hm,high,7/27/2023,P4,Heterotheca villosa,Melissodes sp.2,Apidae,Melissodes,,sp.2,female,
442,B_L3,bc,low,8/17/2023,P4,Geranium caespitosum subsp. caespitosum,Halictus sp.,Halictidae,Halictus,,sp.,female,
443,H_H2,hm,high,7/27/2023,P4,Eremogone fendleri,Halictus sp.,Halictidae,Halictus,,sp.,male,
444,H_L2,hm,low,7/31/2023,P4,Geranium caespitosum subsp. caespitosum,Hylaeus wootoni,Colletidae,Hylaeus,,wootoni,female,
445,B_U1,bc,unburned,8/3/2023,P4,Helianthus pauciflorus,Lasioglossum Lasioglossum sp.1,Halictidae,Lasioglossum,Lasioglossum,sp.1,male,
446,B_H2,bc,high,8/14/2023,P4,Geranium caespitosum subsp. caespitosum,Halictus sp.,Halictidae,Halictus,,sp.,female,
447,B_H1,bc,high,8/17/2023,P4,Geranium caespitosum subsp. caespitosum,Lasioglossum Dialictus sp.,Halictidae,Lasioglossum,Dialictus,sp.,,
448,B_H1,bc,high,8/17/2023,P4,Geranium caespitosum subsp. caespitosum,Lasioglossum Dialictus sp.,Halictidae,Lasioglossum,Dialictus,sp.,,
